<?xml version="1.0" encoding="UTF-8"?>
<gmd:MD_Metadata xmlns:gmd="http://www.isotc211.org/2005/gmd" xmlns:xsi="http://www.w3.org/2001/XMLSchema-instance" xmlns:xlink="http://www.w3.org/1999/xlink" xmlns:gml="http://www.opengis.net/gml" xmlns:gts="http://www.isotc211.org/2005/gts" xmlns:gmx="http://www.isotc211.org/2005/gmx" xmlns:gfc="http://www.isotc211.org/2005/gfc" xmlns:gco="http://www.isotc211.org/2005/gco"><gmd:fileIdentifier><gco:CharacterString>17:59:08705547511577</gco:CharacterString></gmd:fileIdentifier><gmd:language><gco:CharacterString>fre</gco:CharacterString></gmd:language><gmd:characterSet><gmd:MD_CharacterSetCode codeListValue="utf8" codeList="MD_CharacterSetCode"/></gmd:characterSet><gmd:hierarchyLevel><gmd:MD_ScopeCode codeListValue="dataset" codeList="MD_ScopeCode"/></gmd:hierarchyLevel><gmd:hierarchyLevelName><gco:CharacterString>Série de données</gco:CharacterString></gmd:hierarchyLevelName><gmd:contact><gmd:CI_ResponsibleParty><gmd:organisationName><gco:CharacterString>GAIAGO</gco:CharacterString></gmd:organisationName><gmd:contactInfo><gmd:CI_Contact><gmd:address><gmd:CI_Address><gmd:country><gco:CharacterString>France</gco:CharacterString></gmd:country><gmd:electronicMailAddress><gco:CharacterString>contact@gaiago.fr</gco:CharacterString></gmd:electronicMailAddress></gmd:CI_Address></gmd:address></gmd:CI_Contact></gmd:contactInfo><gmd:role><gmd:CI_RoleCode codeListValue="pointOfContact" codeList="CI_RoleCode"/></gmd:role></gmd:CI_ResponsibleParty></gmd:contact><gmd:dateStamp><gco:Date>2015-01-06</gco:Date></gmd:dateStamp><gmd:metadataStandardName><gco:CharacterString>ISO 19115:2003/19139</gco:CharacterString></gmd:metadataStandardName><gmd:metadataStandardVersion><gco:CharacterString>1.0</gco:CharacterString></gmd:metadataStandardVersion><gmd:referenceSystemInfo><gmd:MD_ReferenceSystem><gmd:referenceSystemIdentifier><gmd:RS_Identifier><gmd:code><gco:CharacterString>Lambert 93 </gco:CharacterString></gmd:code><gmd:codeSpace><gco:CharacterString>EPSG</gco:CharacterString></gmd:codeSpace><gmd:version><gco:CharacterString>7.4</gco:CharacterString></gmd:version></gmd:RS_Identifier></gmd:referenceSystemIdentifier></gmd:MD_ReferenceSystem></gmd:referenceSystemInfo><gmd:referenceSystemInfo><gmd:MD_ReferenceSystem><gmd:referenceSystemIdentifier><gmd:RS_Identifier><gmd:code><gco:CharacterString>grégorien</gco:CharacterString></gmd:code><gmd:codeSpace><gco:CharacterString>INSPIRE RS registry</gco:CharacterString></gmd:codeSpace></gmd:RS_Identifier></gmd:referenceSystemIdentifier></gmd:MD_ReferenceSystem></gmd:referenceSystemInfo><gmd:identificationInfo><gmd:MD_DataIdentification><gmd:citation><gmd:CI_Citation><gmd:title><gco:CharacterString>Couche SIG du découpage administratif régional issu de GEOFLA® suite à la fusion des régions de 2014</gco:CharacterString></gmd:title><gmd:date><gmd:CI_Date><gmd:date><gco:Date>2015-01-06</gco:Date></gmd:date><gmd:dateType><gmd:CI_DateTypeCode codeListValue="creation" codeList="CI_DateTypeCode"/></gmd:dateType></gmd:CI_Date></gmd:date><gmd:date><gmd:CI_Date><gmd:date><gco:Date>2015-01-06</gco:Date></gmd:date><gmd:dateType><gmd:CI_DateTypeCode codeListValue="publication" codeList="CI_DateTypeCode"/></gmd:dateType></gmd:CI_Date></gmd:date><gmd:identifier><gmd:MD_Identifier><gmd:code><gco:CharacterString>nouvelles_regions.shp</gco:CharacterString></gmd:code></gmd:MD_Identifier></gmd:identifier></gmd:CI_Citation></gmd:citation><gmd:abstract><gco:CharacterString>Couche de données géographiques représentant le nouveau découpage administratif régional français issu de GEOFLA® suite à l'adoption, le 17 décembre 2014, de la nouvelle carte des régions de la France, après fusion des régions françaises.</gco:CharacterString></gmd:abstract><gmd:pointOfContact><gmd:CI_ResponsibleParty><gmd:organisationName><gco:CharacterString>GAIAGO</gco:CharacterString></gmd:organisationName><gmd:contactInfo><gmd:CI_Contact><gmd:address><gmd:CI_Address><gmd:country><gco:CharacterString>France</gco:CharacterString></gmd:country><gmd:electronicMailAddress><gco:CharacterString>contact@gaiago.fr</gco:CharacterString></gmd:electronicMailAddress></gmd:CI_Address></gmd:address></gmd:CI_Contact></gmd:contactInfo></gmd:CI_ResponsibleParty></gmd:pointOfContact><gmd:descriptiveKeywords><gmd:MD_Keywords><gmd:keyword><gco:CharacterString>Unités administratives</gco:CharacterString></gmd:keyword><gmd:type><gmd:MD_KeywordTypeCode codeListValue="theme" codeList="MD_KeywordTypeCode"/></gmd:type><gmd:thesaurusName><gmd:CI_Citation><gmd:title><gco:CharacterString>GEMET inspire themes - version 1.0</gco:CharacterString></gmd:title><gmd:date>
								<gmd:CI_Date><gmd:date><gco:Date>2008-06-01</gco:Date></gmd:date><gmd:dateType><gmd:CI_DateTypeCode codeListValue="publication" codeList="http://www.isotc211.org/2005/resources/codeList.xml#CI_DateTypeCode"/></gmd:dateType></gmd:CI_Date></gmd:date></gmd:CI_Citation></gmd:thesaurusName></gmd:MD_Keywords></gmd:descriptiveKeywords><gmd:resourceConstraints><gmd:MD_Constraints><gmd:useLimitation><gco:CharacterString>Utilisation libre sous réserve de mentionner la source (a minima le nom du producteur) et la date de sa dernière mise à jour.</gco:CharacterString></gmd:useLimitation></gmd:MD_Constraints></gmd:resourceConstraints><gmd:resourceConstraints><gmd:MD_LegalConstraints><gmd:accessConstraints><gmd:MD_RestrictionCode codeList="http://www.isotc211.org/2005/resources/codeList.xml#MD_RestrictionCode" codeListValue="otherRestrictions"/></gmd:accessConstraints><gmd:otherConstraints><gco:CharacterString>Pas de restriction d’accès publique</gco:CharacterString></gmd:otherConstraints></gmd:MD_LegalConstraints></gmd:resourceConstraints><gmd:resourceConstraints><gmd:MD_SecurityConstraints><gmd:classification><gmd:MD_ClassificationCode codeList="MD_ClassificationCode" codeListValue="unclassified"/></gmd:classification></gmd:MD_SecurityConstraints></gmd:resourceConstraints><gmd:spatialRepresentationType><gmd:MD_SpatialRepresentationTypeCode codeListValue="vector" codeList="MD_SpatialRepresentationTypeCode"/></gmd:spatialRepresentationType><gmd:language><gco:CharacterString>fre</gco:CharacterString></gmd:language><gmd:characterSet><gmd:MD_CharacterSetCode codeListValue="utf8" codeList="MD_CharacterSetCode"/></gmd:characterSet><gmd:topicCategory><gmd:MD_TopicCategoryCode>boundaries</gmd:MD_TopicCategoryCode></gmd:topicCategory><gmd:extent><gmd:EX_Extent><gmd:geographicElement><gmd:EX_GeographicBoundingBox><gmd:westBoundLongitude><gco:Decimal>-5.79</gco:Decimal></gmd:westBoundLongitude><gmd:eastBoundLongitude><gco:Decimal>9.56</gco:Decimal></gmd:eastBoundLongitude><gmd:southBoundLatitude><gco:Decimal>41.36</gco:Decimal></gmd:southBoundLatitude><gmd:northBoundLatitude><gco:Decimal>51.09</gco:Decimal></gmd:northBoundLatitude></gmd:EX_GeographicBoundingBox></gmd:geographicElement></gmd:EX_Extent></gmd:extent><gmd:extent><gmd:EX_Extent><gmd:temporalElement><gmd:EX_TemporalExtent><gmd:extent><gml:TimePeriod gml:id="d332785e496a1053982"><gml:beginPosition>2015-01-06</gml:beginPosition><gml:endPosition>2015-12-31</gml:endPosition></gml:TimePeriod></gmd:extent></gmd:EX_TemporalExtent></gmd:temporalElement></gmd:EX_Extent></gmd:extent></gmd:MD_DataIdentification></gmd:identificationInfo><gmd:distributionInfo><gmd:MD_Distribution><gmd:distributionFormat><gmd:MD_Format><gmd:name><gco:CharacterString>ESRI Shapefile</gco:CharacterString></gmd:name><gmd:version><gco:CharacterString>1.0</gco:CharacterString></gmd:version></gmd:MD_Format></gmd:distributionFormat></gmd:MD_Distribution></gmd:distributionInfo><gmd:dataQualityInfo><gmd:DQ_DataQuality><gmd:scope><gmd:DQ_Scope><gmd:level><gmd:MD_ScopeCode codeListValue="dataset" codeList="MD_ScopeCode"/></gmd:level></gmd:DQ_Scope></gmd:scope><gmd:lineage><gmd:LI_Lineage><gmd:statement><gco:CharacterString>Création de la couche SIG des nouvelles régions à partir de la couche SIG GEOFLA® de l'IGN correspondant aux limites départementales françaises</gco:CharacterString></gmd:statement></gmd:LI_Lineage></gmd:lineage></gmd:DQ_DataQuality></gmd:dataQualityInfo></gmd:MD_Metadata>
